{"total":9,"rows":[{"GoodsName":"泰国进口冰糖心","Price":20.00,"Photo":"/userfiles/images/16%E4%B8%AA%E6%9C%88.jpg","Content":"<p>hellow</p>\r\n","Seo":null,"Brand":null,"Categorys":[{"ChildCategorys":null,"CategoryName":"苹果","ParentId":null,"Seo":null,"Goods":[{"GoodsName":"泰国枸杞","Price":12.00,"Photo":null,"Content":null,"Seo":null,"Brand":null,"Categorys":[],"GoodsPackages":null,"Id":"e03559c9-d645-e611-97ba-98e0d97b8c7e","CreatorUserId":null,"CreationTime":null,"LastModifierUserId":null,"LastModificationTime":null,"TimeStamp":"AAAAAAAAB9I="},{"GoodsName":"新疆火龙果","Price":16.00,"Photo":null,"Content":null,"Seo":null,"Brand":null,"Categorys":[],"GoodsPackages":null,"Id":"a454d6da-d645-e611-97ba-98e0d97b8c7e","CreatorUserId":null,"CreationTime":null,"LastModifierUserId":null,"LastModificationTime":null,"TimeStamp":"AAAAAAAAB9M="},{"GoodsName":"陕西红富士","Price":8.00,"Photo":null,"Content":null,"Seo":null,"Brand":null,"Categorys":[],"GoodsPackages":null,"Id":"5dc410fe-d645-e611-97ba-98e0d97b8c7e","CreatorUserId":null,"CreationTime":null,"LastModifierUserId":null,"LastModificationTime":null,"TimeStamp":"AAAAAAAAB9Q="},{"GoodsName":"日本富士","Price":26.00,"Photo":null,"Content":null,"Seo":null,"Brand":null,"Categorys":[],"GoodsPackages":null,"Id":"24985609-d745-e611-97ba-98e0d97b8c7e","CreatorUserId":null,"CreationTime":null,"LastModifierUserId":null,"LastModificationTime":null,"TimeStamp":"AAAAAAAAB9U="},{"GoodsName":"泰国金枕头榴莲9-10斤（约1-2个）","Price":149.00,"Photo":null,"Content":null,"Seo":null,"Brand":null,"Categorys":[],"GoodsPackages":null,"Id":"95c8cb66-d845-e611-97ba-98e0d97b8c7e","CreatorUserId":null,"CreationTime":null,"LastModifierUserId":null,"LastModificationTime":null,"TimeStamp":"AAAAAAAAB9Y="},{"GoodsName":"Zespri佳沛新西兰阳光金奇异果6个134-175g/个","Price":49.00,"Photo":null,"Content":null,"Seo":null,"Brand":null,"Categorys":[],"GoodsPackages":null,"Id":"99837b79-d845-e611-97ba-98e0d97b8c7e","CreatorUserId":null,"CreationTime":null,"LastModifierUserId":null,"LastModificationTime":null,"TimeStamp":"AAAAAAAAB9c="},{"GoodsName":"南非葡萄柚4个约280g/个","Price":29.00,"Photo":null,"Content":null,"Seo":null,"Brand":null,"Categorys":[],"GoodsPackages":null,"Id":"4bce2783-d845-e611-97ba-98e0d97b8c7e","CreatorUserId":null,"CreationTime":null,"LastModifierUserId":null,"LastModificationTime":null,"TimeStamp":"AAAAAAAAB9g="},{"GoodsName":"Zespri佳沛新西兰阳光金奇异果8个114-134g/个","Price":69.00,"Photo":null,"Content":null,"Seo":null,"Brand":null,"Categorys":[],"GoodsPackages":null,"Id":"780b919e-d845-e611-97ba-98e0d97b8c7e","CreatorUserId":null,"CreationTime":null,"LastModifierUserId":null,"LastModificationTime":null,"TimeStamp":"AAAAAAAAB9o="}],"Id":"954da858-cc44-e611-97ba-98e0d97b8c7e","CreatorUserId":null,"CreationTime":null,"LastModifierUserId":null,"LastModificationTime":null,"TimeStamp":"AAAAAAAAB9w="}],"GoodsPackages":null,"Id":"0da19ec5-d344-e611-97ba-98e0d97b8c7e","CreatorUserId":null,"CreationTime":null,"LastModifierUserId":null,"LastModificationTime":null,"TimeStamp":"AAAAAAAAB9E="},{"GoodsName":"泰国枸杞","Price":12.00,"Photo":null,"Content":null,"Seo":null,"Brand":null,"Categorys":[{"ChildCategorys":null,"CategoryName":"苹果","ParentId":null,"Seo":null,"Goods":[{"GoodsName":"泰国进口冰糖心","Price":20.00,"Photo":"/userfiles/images/16%E4%B8%AA%E6%9C%88.jpg","Content":"<p>hellow</p>\r\n","Seo":null,"Brand":null,"Categorys":[],"GoodsPackages":null,"Id":"0da19ec5-d344-e611-97ba-98e0d97b8c7e","CreatorUserId":null,"CreationTime":null,"LastModifierUserId":null,"LastModificationTime":null,"TimeStamp":"AAAAAAAAB9E="},{"GoodsName":"新疆火龙果","Price":16.00,"Photo":null,"Content":null,"Seo":null,"Brand":null,"Categorys":[],"GoodsPackages":null,"Id":"a454d6da-d645-e611-97ba-98e0d97b8c7e","CreatorUserId":null,"CreationTime":null,"LastModifierUserId":null,"LastModificationTime":null,"TimeStamp":"AAAAAAAAB9M="},{"GoodsName":"陕西红富士","Price":8.00,"Photo":null,"Content":null,"Seo":null,"Brand":null,"Categorys":[],"GoodsPackages":null,"Id":"5dc410fe-d645-e611-97ba-98e0d97b8c7e","CreatorUserId":null,"CreationTime":null,"LastModifierUserId":null,"LastModificationTime":null,"TimeStamp":"AAAAAAAAB9Q="},{"GoodsName":"日本富士","Price":26.00,"Photo":null,"Content":null,"Seo":null,"Brand":null,"Categorys":[],"GoodsPackages":null,"Id":"24985609-d745-e611-97ba-98e0d97b8c7e","CreatorUserId":null,"CreationTime":null,"LastModifierUserId":null,"LastModificationTime":null,"TimeStamp":"AAAAAAAAB9U="},{"GoodsName":"泰国金枕头榴莲9-10斤（约1-2个）","Price":149.00,"Photo":null,"Content":null,"Seo":null,"Brand":null,"Categorys":[],"GoodsPackages":null,"Id":"95c8cb66-d845-e611-97ba-98e0d97b8c7e","CreatorUserId":null,"CreationTime":null,"LastModifierUserId":null,"LastModificationTime":null,"TimeStamp":"AAAAAAAAB9Y="},{"GoodsName":"Zespri佳沛新西兰阳光金奇异果6个134-175g/个","Price":49.00,"Photo":null,"Content":null,"Seo":null,"Brand":null,"Categorys":[],"GoodsPackages":null,"Id":"99837b79-d845-e611-97ba-98e0d97b8c7e","CreatorUserId":null,"CreationTime":null,"LastModifierUserId":null,"LastModificationTime":null,"TimeStamp":"AAAAAAAAB9c="},{"GoodsName":"南非葡萄柚4个约280g/个","Price":29.00,"Photo":null,"Content":null,"Seo":null,"Brand":null,"Categorys":[],"GoodsPackages":null,"Id":"4bce2783-d845-e611-97ba-98e0d97b8c7e","CreatorUserId":null,"CreationTime":null,"LastModifierUserId":null,"LastModificationTime":null,"TimeStamp":"AAAAAAAAB9g="},{"GoodsName":"Zespri佳沛新西兰阳光金奇异果8个114-134g/个","Price":69.00,"Photo":null,"Content":null,"Seo":null,"Brand":null,"Categorys":[],"GoodsPackages":null,"Id":"780b919e-d845-e611-97ba-98e0d97b8c7e","CreatorUserId":null,"CreationTime":null,"LastModifierUserId":null,"LastModificationTime":null,"TimeStamp":"AAAAAAAAB9o="}],"Id":"954da858-cc44-e611-97ba-98e0d97b8c7e","CreatorUserId":null,"CreationTime":null,"LastModifierUserId":null,"LastModificationTime":null,"TimeStamp":"AAAAAAAAB9w="}],"GoodsPackages":null,"Id":"e03559c9-d645-e611-97ba-98e0d97b8c7e","CreatorUserId":null,"CreationTime":null,"LastModifierUserId":null,"LastModificationTime":null,"TimeStamp":"AAAAAAAAB9I="},{"GoodsName":"新疆火龙果","Price":16.00,"Photo":null,"Content":null,"Seo":null,"Brand":null,"Categorys":[{"ChildCategorys":null,"CategoryName":"苹果","ParentId":null,"Seo":null,"Goods":[{"GoodsName":"泰国进口冰糖心","Price":20.00,"Photo":"/userfiles/images/16%E4%B8%AA%E6%9C%88.jpg","Content":"<p>hellow</p>\r\n","Seo":null,"Brand":null,"Categorys":[],"GoodsPackages":null,"Id":"0da19ec5-d344-e611-97ba-98e0d97b8c7e","CreatorUserId":null,"CreationTime":null,"LastModifierUserId":null,"LastModificationTime":null,"TimeStamp":"AAAAAAAAB9E="},{"GoodsName":"泰国枸杞","Price":12.00,"Photo":null,"Content":null,"Seo":null,"Brand":null,"Categorys":[],"GoodsPackages":null,"Id":"e03559c9-d645-e611-97ba-98e0d97b8c7e","CreatorUserId":null,"CreationTime":null,"LastModifierUserId":null,"LastModificationTime":null,"TimeStamp":"AAAAAAAAB9I="},{"GoodsName":"陕西红富士","Price":8.00,"Photo":null,"Content":null,"Seo":null,"Brand":null,"Categorys":[],"GoodsPackages":null,"Id":"5dc410fe-d645-e611-97ba-98e0d97b8c7e","CreatorUserId":null,"CreationTime":null,"LastModifierUserId":null,"LastModificationTime":null,"TimeStamp":"AAAAAAAAB9Q="},{"GoodsName":"日本富士","Price":26.00,"Photo":null,"Content":null,"Seo":null,"Brand":null,"Categorys":[],"GoodsPackages":null,"Id":"24985609-d745-e611-97ba-98e0d97b8c7e","CreatorUserId":null,"CreationTime":null,"LastModifierUserId":null,"LastModificationTime":null,"TimeStamp":"AAAAAAAAB9U="},{"GoodsName":"泰国金枕头榴莲9-10斤（约1-2个）","Price":149.00,"Photo":null,"Content":null,"Seo":null,"Brand":null,"Categorys":[],"GoodsPackages":null,"Id":"95c8cb66-d845-e611-97ba-98e0d97b8c7e","CreatorUserId":null,"CreationTime":null,"LastModifierUserId":null,"LastModificationTime":null,"TimeStamp":"AAAAAAAAB9Y="},{"GoodsName":"Zespri佳沛新西兰阳光金奇异果6个134-175g/个","Price":49.00,"Photo":null,"Content":null,"Seo":null,"Brand":null,"Categorys":[],"GoodsPackages":null,"Id":"99837b79-d845-e611-97ba-98e0d97b8c7e","CreatorUserId":null,"CreationTime":null,"LastModifierUserId":null,"LastModificationTime":null,"TimeStamp":"AAAAAAAAB9c="},{"GoodsName":"南非葡萄柚4个约280g/个","Price":29.00,"Photo":null,"Content":null,"Seo":null,"Brand":null,"Categorys":[],"GoodsPackages":null,"Id":"4bce2783-d845-e611-97ba-98e0d97b8c7e","CreatorUserId":null,"CreationTime":null,"LastModifierUserId":null,"LastModificationTime":null,"TimeStamp":"AAAAAAAAB9g="},{"GoodsName":"Zespri佳沛新西兰阳光金奇异果8个114-134g/个","Price":69.00,"Photo":null,"Content":null,"Seo":null,"Brand":null,"Categorys":[],"GoodsPackages":null,"Id":"780b919e-d845-e611-97ba-98e0d97b8c7e","CreatorUserId":null,"CreationTime":null,"LastModifierUserId":null,"LastModificationTime":null,"TimeStamp":"AAAAAAAAB9o="}],"Id":"954da858-cc44-e611-97ba-98e0d97b8c7e","CreatorUserId":null,"CreationTime":null,"LastModifierUserId":null,"LastModificationTime":null,"TimeStamp":"AAAAAAAAB9w="}],"GoodsPackages":null,"Id":"a454d6da-d645-e611-97ba-98e0d97b8c7e","CreatorUserId":null,"CreationTime":null,"LastModifierUserId":null,"LastModificationTime":null,"TimeStamp":"AAAAAAAAB9M="},{"GoodsName":"陕西红富士","Price":8.00,"Photo":null,"Content":null,"Seo":null,"Brand":null,"Categorys":[{"ChildCategorys":null,"CategoryName":"苹果","ParentId":null,"Seo":null,"Goods":[{"GoodsName":"泰国进口冰糖心","Price":20.00,"Photo":"/userfiles/images/16%E4%B8%AA%E6%9C%88.jpg","Content":"<p>hellow</p>\r\n","Seo":null,"Brand":null,"Categorys":[],"GoodsPackages":null,"Id":"0da19ec5-d344-e611-97ba-98e0d97b8c7e","CreatorUserId":null,"CreationTime":null,"LastModifierUserId":null,"LastModificationTime":null,"TimeStamp":"AAAAAAAAB9E="},{"GoodsName":"泰国枸杞","Price":12.00,"Photo":null,"Content":null,"Seo":null,"Brand":null,"Categorys":[],"GoodsPackages":null,"Id":"e03559c9-d645-e611-97ba-98e0d97b8c7e","CreatorUserId":null,"CreationTime":null,"LastModifierUserId":null,"LastModificationTime":null,"TimeStamp":"AAAAAAAAB9I="},{"GoodsName":"新疆火龙果","Price":16.00,"Photo":null,"Content":null,"Seo":null,"Brand":null,"Categorys":[],"GoodsPackages":null,"Id":"a454d6da-d645-e611-97ba-98e0d97b8c7e","CreatorUserId":null,"CreationTime":null,"LastModifierUserId":null,"LastModificationTime":null,"TimeStamp":"AAAAAAAAB9M="},{"GoodsName":"日本富士","Price":26.00,"Photo":null,"Content":null,"Seo":null,"Brand":null,"Categorys":[],"GoodsPackages":null,"Id":"24985609-d745-e611-97ba-98e0d97b8c7e","CreatorUserId":null,"CreationTime":null,"LastModifierUserId":null,"LastModificationTime":null,"TimeStamp":"AAAAAAAAB9U="},{"GoodsName":"泰国金枕头榴莲9-10斤（约1-2个）","Price":149.00,"Photo":null,"Content":null,"Seo":null,"Brand":null,"Categorys":[],"GoodsPackages":null,"Id":"95c8cb66-d845-e611-97ba-98e0d97b8c7e","CreatorUserId":null,"CreationTime":null,"LastModifierUserId":null,"LastModificationTime":null,"TimeStamp":"AAAAAAAAB9Y="},{"GoodsName":"Zespri佳沛新西兰阳光金奇异果6个134-175g/个","Price":49.00,"Photo":null,"Content":null,"Seo":null,"Brand":null,"Categorys":[],"GoodsPackages":null,"Id":"99837b79-d845-e611-97ba-98e0d97b8c7e","CreatorUserId":null,"CreationTime":null,"LastModifierUserId":null,"LastModificationTime":null,"TimeStamp":"AAAAAAAAB9c="},{"GoodsName":"南非葡萄柚4个约280g/个","Price":29.00,"Photo":null,"Content":null,"Seo":null,"Brand":null,"Categorys":[],"GoodsPackages":null,"Id":"4bce2783-d845-e611-97ba-98e0d97b8c7e","CreatorUserId":null,"CreationTime":null,"LastModifierUserId":null,"LastModificationTime":null,"TimeStamp":"AAAAAAAAB9g="},{"GoodsName":"Zespri佳沛新西兰阳光金奇异果8个114-134g/个","Price":69.00,"Photo":null,"Content":null,"Seo":null,"Brand":null,"Categorys":[],"GoodsPackages":null,"Id":"780b919e-d845-e611-97ba-98e0d97b8c7e","CreatorUserId":null,"CreationTime":null,"LastModifierUserId":null,"LastModificationTime":null,"TimeStamp":"AAAAAAAAB9o="}],"Id":"954da858-cc44-e611-97ba-98e0d97b8c7e","CreatorUserId":null,"CreationTime":null,"LastModifierUserId":null,"LastModificationTime":null,"TimeStamp":"AAAAAAAAB9w="}],"GoodsPackages":null,"Id":"5dc410fe-d645-e611-97ba-98e0d97b8c7e","CreatorUserId":null,"CreationTime":null,"LastModifierUserId":null,"LastModificationTime":null,"TimeStamp":"AAAAAAAAB9Q="},{"GoodsName":"日本富士","Price":26.00,"Photo":null,"Content":null,"Seo":null,"Brand":null,"Categorys":[{"ChildCategorys":null,"CategoryName":"苹果","ParentId":null,"Seo":null,"Goods":[{"GoodsName":"泰国进口冰糖心","Price":20.00,"Photo":"/userfiles/images/16%E4%B8%AA%E6%9C%88.jpg","Content":"<p>hellow</p>\r\n","Seo":null,"Brand":null,"Categorys":[],"GoodsPackages":null,"Id":"0da19ec5-d344-e611-97ba-98e0d97b8c7e","CreatorUserId":null,"CreationTime":null,"LastModifierUserId":null,"LastModificationTime":null,"TimeStamp":"AAAAAAAAB9E="},{"GoodsName":"泰国枸杞","Price":12.00,"Photo":null,"Content":null,"Seo":null,"Brand":null,"Categorys":[],"GoodsPackages":null,"Id":"e03559c9-d645-e611-97ba-98e0d97b8c7e","CreatorUserId":null,"CreationTime":null,"LastModifierUserId":null,"LastModificationTime":null,"TimeStamp":"AAAAAAAAB9I="},{"GoodsName":"新疆火龙果","Price":16.00,"Photo":null,"Content":null,"Seo":null,"Brand":null,"Categorys":[],"GoodsPackages":null,"Id":"a454d6da-d645-e611-97ba-98e0d97b8c7e","CreatorUserId":null,"CreationTime":null,"LastModifierUserId":null,"LastModificationTime":null,"TimeStamp":"AAAAAAAAB9M="},{"GoodsName":"陕西红富士","Price":8.00,"Photo":null,"Content":null,"Seo":null,"Brand":null,"Categorys":[],"GoodsPackages":null,"Id":"5dc410fe-d645-e611-97ba-98e0d97b8c7e","CreatorUserId":null,"CreationTime":null,"LastModifierUserId":null,"LastModificationTime":null,"TimeStamp":"AAAAAAAAB9Q="},{"GoodsName":"泰国金枕头榴莲9-10斤（约1-2个）","Price":149.00,"Photo":null,"Content":null,"Seo":null,"Brand":null,"Categorys":[],"GoodsPackages":null,"Id":"95c8cb66-d845-e611-97ba-98e0d97b8c7e","CreatorUserId":null,"CreationTime":null,"LastModifierUserId":null,"LastModificationTime":null,"TimeStamp":"AAAAAAAAB9Y="},{"GoodsName":"Zespri佳沛新西兰阳光金奇异果6个134-175g/个","Price":49.00,"Photo":null,"Content":null,"Seo":null,"Brand":null,"Categorys":[],"GoodsPackages":null,"Id":"99837b79-d845-e611-97ba-98e0d97b8c7e","CreatorUserId":null,"CreationTime":null,"LastModifierUserId":null,"LastModificationTime":null,"TimeStamp":"AAAAAAAAB9c="},{"GoodsName":"南非葡萄柚4个约280g/个","Price":29.00,"Photo":null,"Content":null,"Seo":null,"Brand":null,"Categorys":[],"GoodsPackages":null,"Id":"4bce2783-d845-e611-97ba-98e0d97b8c7e","CreatorUserId":null,"CreationTime":null,"LastModifierUserId":null,"LastModificationTime":null,"TimeStamp":"AAAAAAAAB9g="},{"GoodsName":"Zespri佳沛新西兰阳光金奇异果8个114-134g/个","Price":69.00,"Photo":null,"Content":null,"Seo":null,"Brand":null,"Categorys":[],"GoodsPackages":null,"Id":"780b919e-d845-e611-97ba-98e0d97b8c7e","CreatorUserId":null,"CreationTime":null,"LastModifierUserId":null,"LastModificationTime":null,"TimeStamp":"AAAAAAAAB9o="}],"Id":"954da858-cc44-e611-97ba-98e0d97b8c7e","CreatorUserId":null,"CreationTime":null,"LastModifierUserId":null,"LastModificationTime":null,"TimeStamp":"AAAAAAAAB9w="}],"GoodsPackages":null,"Id":"24985609-d745-e611-97ba-98e0d97b8c7e","CreatorUserId":null,"CreationTime":null,"LastModifierUserId":null,"LastModificationTime":null,"TimeStamp":"AAAAAAAAB9U="},{"GoodsName":"泰国金枕头榴莲9-10斤（约1-2个）","Price":149.00,"Photo":null,"Content":null,"Seo":null,"Brand":null,"Categorys":[{"ChildCategorys":null,"CategoryName":"苹果","ParentId":null,"Seo":null,"Goods":[{"GoodsName":"泰国进口冰糖心","Price":20.00,"Photo":"/userfiles/images/16%E4%B8%AA%E6%9C%88.jpg","Content":"<p>hellow</p>\r\n","Seo":null,"Brand":null,"Categorys":[],"GoodsPackages":null,"Id":"0da19ec5-d344-e611-97ba-98e0d97b8c7e","CreatorUserId":null,"CreationTime":null,"LastModifierUserId":null,"LastModificationTime":null,"TimeStamp":"AAAAAAAAB9E="},{"GoodsName":"泰国枸杞","Price":12.00,"Photo":null,"Content":null,"Seo":null,"Brand":null,"Categorys":[],"GoodsPackages":null,"Id":"e03559c9-d645-e611-97ba-98e0d97b8c7e","CreatorUserId":null,"CreationTime":null,"LastModifierUserId":null,"LastModificationTime":null,"TimeStamp":"AAAAAAAAB9I="},{"GoodsName":"新疆火龙果","Price":16.00,"Photo":null,"Content":null,"Seo":null,"Brand":null,"Categorys":[],"GoodsPackages":null,"Id":"a454d6da-d645-e611-97ba-98e0d97b8c7e","CreatorUserId":null,"CreationTime":null,"LastModifierUserId":null,"LastModificationTime":null,"TimeStamp":"AAAAAAAAB9M="},{"GoodsName":"陕西红富士","Price":8.00,"Photo":null,"Content":null,"Seo":null,"Brand":null,"Categorys":[],"GoodsPackages":null,"Id":"5dc410fe-d645-e611-97ba-98e0d97b8c7e","CreatorUserId":null,"CreationTime":null,"LastModifierUserId":null,"LastModificationTime":null,"TimeStamp":"AAAAAAAAB9Q="},{"GoodsName":"日本富士","Price":26.00,"Photo":null,"Content":null,"Seo":null,"Brand":null,"Categorys":[],"GoodsPackages":null,"Id":"24985609-d745-e611-97ba-98e0d97b8c7e","CreatorUserId":null,"CreationTime":null,"LastModifierUserId":null,"LastModificationTime":null,"TimeStamp":"AAAAAAAAB9U="},{"GoodsName":"Zespri佳沛新西兰阳光金奇异果6个134-175g/个","Price":49.00,"Photo":null,"Content":null,"Seo":null,"Brand":null,"Categorys":[],"GoodsPackages":null,"Id":"99837b79-d845-e611-97ba-98e0d97b8c7e","CreatorUserId":null,"CreationTime":null,"LastModifierUserId":null,"LastModificationTime":null,"TimeStamp":"AAAAAAAAB9c="},{"GoodsName":"南非葡萄柚4个约280g/个","Price":29.00,"Photo":null,"Content":null,"Seo":null,"Brand":null,"Categorys":[],"GoodsPackages":null,"Id":"4bce2783-d845-e611-97ba-98e0d97b8c7e","CreatorUserId":null,"CreationTime":null,"LastModifierUserId":null,"LastModificationTime":null,"TimeStamp":"AAAAAAAAB9g="},{"GoodsName":"Zespri佳沛新西兰阳光金奇异果8个114-134g/个","Price":69.00,"Photo":null,"Content":null,"Seo":null,"Brand":null,"Categorys":[],"GoodsPackages":null,"Id":"780b919e-d845-e611-97ba-98e0d97b8c7e","CreatorUserId":null,"CreationTime":null,"LastModifierUserId":null,"LastModificationTime":null,"TimeStamp":"AAAAAAAAB9o="}],"Id":"954da858-cc44-e611-97ba-98e0d97b8c7e","CreatorUserId":null,"CreationTime":null,"LastModifierUserId":null,"LastModificationTime":null,"TimeStamp":"AAAAAAAAB9w="}],"GoodsPackages":null,"Id":"95c8cb66-d845-e611-97ba-98e0d97b8c7e","CreatorUserId":null,"CreationTime":null,"LastModifierUserId":null,"LastModificationTime":null,"TimeStamp":"AAAAAAAAB9Y="},{"GoodsName":"Zespri佳沛新西兰阳光金奇异果6个134-175g/个","Price":49.00,"Photo":null,"Content":null,"Seo":null,"Brand":null,"Categorys":[{"ChildCategorys":null,"CategoryName":"苹果","ParentId":null,"Seo":null,"Goods":[{"GoodsName":"泰国进口冰糖心","Price":20.00,"Photo":"/userfiles/images/16%E4%B8%AA%E6%9C%88.jpg","Content":"<p>hellow</p>\r\n","Seo":null,"Brand":null,"Categorys":[],"GoodsPackages":null,"Id":"0da19ec5-d344-e611-97ba-98e0d97b8c7e","CreatorUserId":null,"CreationTime":null,"LastModifierUserId":null,"LastModificationTime":null,"TimeStamp":"AAAAAAAAB9E="},{"GoodsName":"泰国枸杞","Price":12.00,"Photo":null,"Content":null,"Seo":null,"Brand":null,"Categorys":[],"GoodsPackages":null,"Id":"e03559c9-d645-e611-97ba-98e0d97b8c7e","CreatorUserId":null,"CreationTime":null,"LastModifierUserId":null,"LastModificationTime":null,"TimeStamp":"AAAAAAAAB9I="},{"GoodsName":"新疆火龙果","Price":16.00,"Photo":null,"Content":null,"Seo":null,"Brand":null,"Categorys":[],"GoodsPackages":null,"Id":"a454d6da-d645-e611-97ba-98e0d97b8c7e","CreatorUserId":null,"CreationTime":null,"LastModifierUserId":null,"LastModificationTime":null,"TimeStamp":"AAAAAAAAB9M="},{"GoodsName":"陕西红富士","Price":8.00,"Photo":null,"Content":null,"Seo":null,"Brand":null,"Categorys":[],"GoodsPackages":null,"Id":"5dc410fe-d645-e611-97ba-98e0d97b8c7e","CreatorUserId":null,"CreationTime":null,"LastModifierUserId":null,"LastModificationTime":null,"TimeStamp":"AAAAAAAAB9Q="},{"GoodsName":"日本富士","Price":26.00,"Photo":null,"Content":null,"Seo":null,"Brand":null,"Categorys":[],"GoodsPackages":null,"Id":"24985609-d745-e611-97ba-98e0d97b8c7e","CreatorUserId":null,"CreationTime":null,"LastModifierUserId":null,"LastModificationTime":null,"TimeStamp":"AAAAAAAAB9U="},{"GoodsName":"泰国金枕头榴莲9-10斤（约1-2个）","Price":149.00,"Photo":null,"Content":null,"Seo":null,"Brand":null,"Categorys":[],"GoodsPackages":null,"Id":"95c8cb66-d845-e611-97ba-98e0d97b8c7e","CreatorUserId":null,"CreationTime":null,"LastModifierUserId":null,"LastModificationTime":null,"TimeStamp":"AAAAAAAAB9Y="},{"GoodsName":"南非葡萄柚4个约280g/个","Price":29.00,"Photo":null,"Content":null,"Seo":null,"Brand":null,"Categorys":[],"GoodsPackages":null,"Id":"4bce2783-d845-e611-97ba-98e0d97b8c7e","CreatorUserId":null,"CreationTime":null,"LastModifierUserId":null,"LastModificationTime":null,"TimeStamp":"AAAAAAAAB9g="},{"GoodsName":"Zespri佳沛新西兰阳光金奇异果8个114-134g/个","Price":69.00,"Photo":null,"Content":null,"Seo":null,"Brand":null,"Categorys":[],"GoodsPackages":null,"Id":"780b919e-d845-e611-97ba-98e0d97b8c7e","CreatorUserId":null,"CreationTime":null,"LastModifierUserId":null,"LastModificationTime":null,"TimeStamp":"AAAAAAAAB9o="}],"Id":"954da858-cc44-e611-97ba-98e0d97b8c7e","CreatorUserId":null,"CreationTime":null,"LastModifierUserId":null,"LastModificationTime":null,"TimeStamp":"AAAAAAAAB9w="}],"GoodsPackages":null,"Id":"99837b79-d845-e611-97ba-98e0d97b8c7e","CreatorUserId":null,"CreationTime":null,"LastModifierUserId":null,"LastModificationTime":null,"TimeStamp":"AAAAAAAAB9c="},{"GoodsName":"南非葡萄柚4个约280g/个","Price":29.00,"Photo":null,"Content":null,"Seo":null,"Brand":null,"Categorys":[{"ChildCategorys":null,"CategoryName":"苹果","ParentId":null,"Seo":null,"Goods":[{"GoodsName":"泰国进口冰糖心","Price":20.00,"Photo":"/userfiles/images/16%E4%B8%AA%E6%9C%88.jpg","Content":"<p>hellow</p>\r\n","Seo":null,"Brand":null,"Categorys":[],"GoodsPackages":null,"Id":"0da19ec5-d344-e611-97ba-98e0d97b8c7e","CreatorUserId":null,"CreationTime":null,"LastModifierUserId":null,"LastModificationTime":null,"TimeStamp":"AAAAAAAAB9E="},{"GoodsName":"泰国枸杞","Price":12.00,"Photo":null,"Content":null,"Seo":null,"Brand":null,"Categorys":[],"GoodsPackages":null,"Id":"e03559c9-d645-e611-97ba-98e0d97b8c7e","CreatorUserId":null,"CreationTime":null,"LastModifierUserId":null,"LastModificationTime":null,"TimeStamp":"AAAAAAAAB9I="},{"GoodsName":"新疆火龙果","Price":16.00,"Photo":null,"Content":null,"Seo":null,"Brand":null,"Categorys":[],"GoodsPackages":null,"Id":"a454d6da-d645-e611-97ba-98e0d97b8c7e","CreatorUserId":null,"CreationTime":null,"LastModifierUserId":null,"LastModificationTime":null,"TimeStamp":"AAAAAAAAB9M="},{"GoodsName":"陕西红富士","Price":8.00,"Photo":null,"Content":null,"Seo":null,"Brand":null,"Categorys":[],"GoodsPackages":null,"Id":"5dc410fe-d645-e611-97ba-98e0d97b8c7e","CreatorUserId":null,"CreationTime":null,"LastModifierUserId":null,"LastModificationTime":null,"TimeStamp":"AAAAAAAAB9Q="},{"GoodsName":"日本富士","Price":26.00,"Photo":null,"Content":null,"Seo":null,"Brand":null,"Categorys":[],"GoodsPackages":null,"Id":"24985609-d745-e611-97ba-98e0d97b8c7e","CreatorUserId":null,"CreationTime":null,"LastModifierUserId":null,"LastModificationTime":null,"TimeStamp":"AAAAAAAAB9U="},{"GoodsName":"泰国金枕头榴莲9-10斤（约1-2个）","Price":149.00,"Photo":null,"Content":null,"Seo":null,"Brand":null,"Categorys":[],"GoodsPackages":null,"Id":"95c8cb66-d845-e611-97ba-98e0d97b8c7e","CreatorUserId":null,"CreationTime":null,"LastModifierUserId":null,"LastModificationTime":null,"TimeStamp":"AAAAAAAAB9Y="},{"GoodsName":"Zespri佳沛新西兰阳光金奇异果6个134-175g/个","Price":49.00,"Photo":null,"Content":null,"Seo":null,"Brand":null,"Categorys":[],"GoodsPackages":null,"Id":"99837b79-d845-e611-97ba-98e0d97b8c7e","CreatorUserId":null,"CreationTime":null,"LastModifierUserId":null,"LastModificationTime":null,"TimeStamp":"AAAAAAAAB9c="},{"GoodsName":"Zespri佳沛新西兰阳光金奇异果8个114-134g/个","Price":69.00,"Photo":null,"Content":null,"Seo":null,"Brand":null,"Categorys":[],"GoodsPackages":null,"Id":"780b919e-d845-e611-97ba-98e0d97b8c7e","CreatorUserId":null,"CreationTime":null,"LastModifierUserId":null,"LastModificationTime":null,"TimeStamp":"AAAAAAAAB9o="}],"Id":"954da858-cc44-e611-97ba-98e0d97b8c7e","CreatorUserId":null,"CreationTime":null,"LastModifierUserId":null,"LastModificationTime":null,"TimeStamp":"AAAAAAAAB9w="}],"GoodsPackages":null,"Id":"4bce2783-d845-e611-97ba-98e0d97b8c7e","CreatorUserId":null,"CreationTime":null,"LastModifierUserId":null,"LastModificationTime":null,"TimeStamp":"AAAAAAAAB9g="},{"GoodsName":"Zespri佳沛新西兰阳光金奇异果8个114-134g/个","Price":69.00,"Photo":null,"Content":null,"Seo":null,"Brand":null,"Categorys":[{"ChildCategorys":null,"CategoryName":"苹果","ParentId":null,"Seo":null,"Goods":[{"GoodsName":"泰国进口冰糖心","Price":20.00,"Photo":"/userfiles/images/16%E4%B8%AA%E6%9C%88.jpg","Content":"<p>hellow</p>\r\n","Seo":null,"Brand":null,"Categorys":[],"GoodsPackages":null,"Id":"0da19ec5-d344-e611-97ba-98e0d97b8c7e","CreatorUserId":null,"CreationTime":null,"LastModifierUserId":null,"LastModificationTime":null,"TimeStamp":"AAAAAAAAB9E="},{"GoodsName":"泰国枸杞","Price":12.00,"Photo":null,"Content":null,"Seo":null,"Brand":null,"Categorys":[],"GoodsPackages":null,"Id":"e03559c9-d645-e611-97ba-98e0d97b8c7e","CreatorUserId":null,"CreationTime":null,"LastModifierUserId":null,"LastModificationTime":null,"TimeStamp":"AAAAAAAAB9I="},{"GoodsName":"新疆火龙果","Price":16.00,"Photo":null,"Content":null,"Seo":null,"Brand":null,"Categorys":[],"GoodsPackages":null,"Id":"a454d6da-d645-e611-97ba-98e0d97b8c7e","CreatorUserId":null,"CreationTime":null,"LastModifierUserId":null,"LastModificationTime":null,"TimeStamp":"AAAAAAAAB9M="},{"GoodsName":"陕西红富士","Price":8.00,"Photo":null,"Content":null,"Seo":null,"Brand":null,"Categorys":[],"GoodsPackages":null,"Id":"5dc410fe-d645-e611-97ba-98e0d97b8c7e","CreatorUserId":null,"CreationTime":null,"LastModifierUserId":null,"LastModificationTime":null,"TimeStamp":"AAAAAAAAB9Q="},{"GoodsName":"日本富士","Price":26.00,"Photo":null,"Content":null,"Seo":null,"Brand":null,"Categorys":[],"GoodsPackages":null,"Id":"24985609-d745-e611-97ba-98e0d97b8c7e","CreatorUserId":null,"CreationTime":null,"LastModifierUserId":null,"LastModificationTime":null,"TimeStamp":"AAAAAAAAB9U="},{"GoodsName":"泰国金枕头榴莲9-10斤（约1-2个）","Price":149.00,"Photo":null,"Content":null,"Seo":null,"Brand":null,"Categorys":[],"GoodsPackages":null,"Id":"95c8cb66-d845-e611-97ba-98e0d97b8c7e","CreatorUserId":null,"CreationTime":null,"LastModifierUserId":null,"LastModificationTime":null,"TimeStamp":"AAAAAAAAB9Y="},{"GoodsName":"Zespri佳沛新西兰阳光金奇异果6个134-175g/个","Price":49.00,"Photo":null,"Content":null,"Seo":null,"Brand":null,"Categorys":[],"GoodsPackages":null,"Id":"99837b79-d845-e611-97ba-98e0d97b8c7e","CreatorUserId":null,"CreationTime":null,"LastModifierUserId":null,"LastModificationTime":null,"TimeStamp":"AAAAAAAAB9c="},{"GoodsName":"南非葡萄柚4个约280g/个","Price":29.00,"Photo":null,"Content":null,"Seo":null,"Brand":null,"Categorys":[],"GoodsPackages":null,"Id":"4bce2783-d845-e611-97ba-98e0d97b8c7e","CreatorUserId":null,"CreationTime":null,"LastModifierUserId":null,"LastModificationTime":null,"TimeStamp":"AAAAAAAAB9g="}],"Id":"954da858-cc44-e611-97ba-98e0d97b8c7e","CreatorUserId":null,"CreationTime":null,"LastModifierUserId":null,"LastModificationTime":null,"TimeStamp":"AAAAAAAAB9w="}],"GoodsPackages":null,"Id":"780b919e-d845-e611-97ba-98e0d97b8c7e","CreatorUserId":null,"CreationTime":null,"LastModifierUserId":null,"LastModificationTime":null,"TimeStamp":"AAAAAAAAB9o="}]}