{
    "version": "1.0.0",
    "host": "192.168.1.4",
    "webserver": {
        "https": false,
        "port": 8081,
        "socketioPort": 8080
    },
    "bridge": {
        "port": 3927
    },
    "//": "p2p需要的相关配置信息",
    "p2p": {
        "mtu": 1200,
        "host": "stun.l.google.com",
        "port": 19302,
        "trackerPort": 19302,
        "isStun": true,
        "sampleCount": 1
    },
    "log": {
        "level": "trace",
        "enableCallStack": true
    },
    "monitor": {
        "enabled": false
    },
    "supernode": "2.8.0"
}