{
    "db": {
        "dbType": "sqlite",
        "host": "0.0.0.0",
        "port": 3306,
        "logging": false,
        "database": "database",
        "username": "root",
        "password": "root"
    },
    "init": {
        "firstInit": false
    },
    "admin": {
        "username": "root",
        "password": "root321.."
    },
    "//": "须要有域名的时候再进行以下配置,无证书时可以设置ssl.enabled:false,另外请保证80端口可用",
    "http": {
        "ssl": {
            "enabled": true,
            "port": 443,
            "//": "pfx or pem",
            "type": "pem",
            "pemKeyName": "key.pem",
            "pemCertName": "cert.pem",
            "pfxName": "name.pfx",
            "pfxPassword": "password"
        },
        "domain": "fastnat.com",
        "port": 80
    },
    "cluster": {
        "enabled": true,
        "count": 1
    }
}